{
  "project_info": {
    "project_number": "1089151145015",
    "firebase_url": "https://igame-proj.firebaseio.com",
    "project_id": "igame-proj",
    "storage_bucket": "igame-proj.appspot.com"
  },
  "client": [
    {
      "client_info": {
        "mobilesdk_app_id": "1:1089151145015:android:7079f319afe09e70",
        "android_client_info": {
          "package_name": "com.tencent.ipubgm"
        }
      },
      "oauth_client": [
        {
          "client_id": "1089151145015-q44pd9mlccmml4dpqd59cb4aomkttdo6.apps.googleusercontent.com",
          "client_type": 3
        }
      ],
      "api_key": [
        {
          "current_key": "AIzaSyDq2uFr4nQrWab5bJlI47bfJUPsLyOXEhQ"
        }
      ],
      "services": {
        "analytics_service": {
          "status": 1
        },
        "appinvite_service": {
          "status": 1,
          "other_platform_oauth_client": []
        },
        "ads_service": {
          "status": 2
        }
      }
    },
    {
      "client_info": {
        "mobilesdk_app_id": "1:1089151145015:android:a66d00390731a004",
        "android_client_info": {
          "package_name": "com.tencent.ig"
        }
      },
      "oauth_client": [
        {
          "client_id": "1089151145015-q44pd9mlccmml4dpqd59cb4aomkttdo6.apps.googleusercontent.com",
          "client_type": 3
        }
      ],
      "api_key": [
        {
          "current_key": "AIzaSyDq2uFr4nQrWab5bJlI47bfJUPsLyOXEhQ"
        }
      ],
      "services": {
        "analytics_service": {
          "status": 1
        },
        "appinvite_service": {
          "status": 1,
          "other_platform_oauth_client": []
        },
        "ads_service": {
          "status": 2
        }
      }
    }
  ],
  "configuration_version": "1"
}