{"conf/sdk.version":["conf/sdk.version"],"conf/server.pem":["conf/server.pem"],"fonts/AgencyFB-Bold.ttf":["fonts/AgencyFB-Bold.ttf"],"images/normal/bg_dialogbox.webp":["images/normal/bg_dialogbox.webp"],"images/normal/bg_dialogbox_bottom_bg.webp":["images/normal/bg_dialogbox_bottom_bg.webp"],"images/normal/bg_fb_login.png":["images/normal/bg_fb_login.png"],"images/normal/bg_google_login.png":["images/normal/bg_google_login.png"],"images/normal/bg_ins_login.png":["images/normal/bg_ins_login.png"],"images/normal/bubble_bg.webp":["images/normal/bubble_bg.webp"],"images/normal/channel_winner.png":["images/normal/channel_winner.png"],"images/normal/chat_room_input_bg.png":["images/normal/chat_room_input_bg.png"],"images/normal/chat_room_tab_selected_bg.png":["images/normal/chat_room_tab_selected_bg.png"],"images/normal/club_home_head_bg.webp":["images/normal/club_home_head_bg.webp"],"images/normal/common_page_bg.webp":["images/normal/common_page_bg.webp"],"images/normal/def_avatar.png":["images/normal/def_avatar.png"],"images/normal/empty.webp":["images/normal/empty.webp"],"images/normal/feeds_item_bg.webp":["images/normal/feeds_item_bg.webp"],"images/normal/feeds_publish_bg.webp":["images/normal/feeds_publish_bg.webp"],"images/normal/filter_down.png":["images/normal/filter_down.png"],"images/normal/filter_up.png":["images/normal/filter_up.png"],"images/normal/home_tab_sel.png":["images/normal/home_tab_sel.png"],"images/normal/ic_btn_disable.png":["images/normal/ic_btn_disable.png"],"images/normal/ic_btn_main.png":["images/normal/ic_btn_main.png"],"images/normal/ic_btn_minor.png":["images/normal/ic_btn_minor.png"],"images/normal/ic_empty_tips_bg.png":["images/normal/ic_empty_tips_bg.png"],"images/normal/ic_facebook.png":["images/normal/ic_facebook.png"],"images/normal/ic_gift.png":["images/normal/ic_gift.png"],"images/normal/ic_instagram.png":["images/normal/ic_instagram.png"],"images/normal/ic_topic_default.png":["images/normal/ic_topic_default.png"],"images/normal/ic_youtube.png":["images/normal/ic_youtube.png"],"images/normal/icon_top.png":["images/normal/icon_top.png"],"images/normal/invite_bg.png":["images/normal/invite_bg.png"],"images/normal/left_panel_bg.webp":["images/normal/left_panel_bg.webp"],"images/normal/loading.gif":["images/normal/loading.gif"],"images/normal/main_btn.png":["images/normal/main_btn.png"],"images/normal/main_head_bg.webp":["images/normal/main_head_bg.webp"],"images/normal/placeholder.png":["images/normal/placeholder.png"],"images/normal/room_item_bg.webp":["images/normal/room_item_bg.webp"],"images/normal/tab_selected.webp":["images/normal/tab_selected.webp"],"images/normal/title_bg.webp":["images/normal/title_bg.webp"],"images/svg/arrow_right_theme.svg":["images/svg/arrow_right_theme.svg"],"images/svg/club_lang.svg":["images/svg/club_lang.svg"],"images/svg/club_online.svg":["images/svg/club_online.svg"],"images/svg/ic_add.svg":["images/svg/ic_add.svg"],"images/svg/ic_add_friend.svg":["images/svg/ic_add_friend.svg"],"images/svg/ic_announce_remind.svg":["images/svg/ic_announce_remind.svg"],"images/svg/ic_arrow.svg":["images/svg/ic_arrow.svg"],"images/svg/ic_arrow_down.svg":["images/svg/ic_arrow_down.svg"],"images/svg/ic_arrow_right.svg":["images/svg/ic_arrow_right.svg"],"images/svg/ic_arrow_right_black.svg":["images/svg/ic_arrow_right_black.svg"],"images/svg/ic_back.svg":["images/svg/ic_back.svg"],"images/svg/ic_beigin.svg":["images/svg/ic_beigin.svg"],"images/svg/ic_chat.svg":["images/svg/ic_chat.svg"],"images/svg/ic_chat_room.svg":["images/svg/ic_chat_room.svg"],"images/svg/ic_close_light.svg":["images/svg/ic_close_light.svg"],"images/svg/ic_close_light_nav.svg":["images/svg/ic_close_light_nav.svg"],"images/svg/ic_club.svg":["images/svg/ic_club.svg"],"images/svg/ic_club_add_photo.svg":["images/svg/ic_club_add_photo.svg"],"images/svg/ic_club_admin.svg":["images/svg/ic_club_admin.svg"],"images/svg/ic_club_creator.svg":["images/svg/ic_club_creator.svg"],"images/svg/ic_club_invite.svg":["images/svg/ic_club_invite.svg"],"images/svg/ic_club_mem.svg":["images/svg/ic_club_mem.svg"],"images/svg/ic_comment.svg":["images/svg/ic_comment.svg"],"images/svg/ic_copy.svg":["images/svg/ic_copy.svg"],"images/svg/ic_dialog_close.svg":["images/svg/ic_dialog_close.svg"],"images/svg/ic_dialog_div.svg":["images/svg/ic_dialog_div.svg"],"images/svg/ic_disband_club.svg":["images/svg/ic_disband_club.svg"],"images/svg/ic_double_arrow_down.svg":["images/svg/ic_double_arrow_down.svg"],"images/svg/ic_double_arrow_up.svg":["images/svg/ic_double_arrow_up.svg"],"images/svg/ic_download.svg":["images/svg/ic_download.svg"],"images/svg/ic_dropdown.svg":["images/svg/ic_dropdown.svg"],"images/svg/ic_dropdown_up.svg":["images/svg/ic_dropdown_up.svg"],"images/svg/ic_edit.svg":["images/svg/ic_edit.svg"],"images/svg/ic_emoji.svg":["images/svg/ic_emoji.svg"],"images/svg/ic_emoji_on.svg":["images/svg/ic_emoji_on.svg"],"images/svg/ic_faq.svg":["images/svg/ic_faq.svg"],"images/svg/ic_feed_media.svg":["images/svg/ic_feed_media.svg"],"images/svg/ic_feed_topic.svg":["images/svg/ic_feed_topic.svg"],"images/svg/ic_feeds_publish_add_photo.svg":["images/svg/ic_feeds_publish_add_photo.svg"],"images/svg/ic_groupchat.svg":["images/svg/ic_groupchat.svg"],"images/svg/ic_hand.svg":["images/svg/ic_hand.svg"],"images/svg/ic_heart.svg":["images/svg/ic_heart.svg"],"images/svg/ic_hide_logo.svg":["images/svg/ic_hide_logo.svg"],"images/svg/ic_invite.svg":["images/svg/ic_invite.svg"],"images/svg/ic_join_in.svg":["images/svg/ic_join_in.svg"],"images/svg/ic_joined_club.svg":["images/svg/ic_joined_club.svg"],"images/svg/ic_kick_out.svg":["images/svg/ic_kick_out.svg"],"images/svg/ic_language.svg":["images/svg/ic_language.svg"],"images/svg/ic_live.svg":["images/svg/ic_live.svg"],"images/svg/ic_location.svg":["images/svg/ic_location.svg"],"images/svg/ic_match_video_play.svg":["images/svg/ic_match_video_play.svg"],"images/svg/ic_mem_chat.svg":["images/svg/ic_mem_chat.svg"],"images/svg/ic_member.svg":["images/svg/ic_member.svg"],"images/svg/ic_member_active.svg":["images/svg/ic_member_active.svg"],"images/svg/ic_more.svg":["images/svg/ic_more.svg"],"images/svg/ic_more_hor.svg":["images/svg/ic_more_hor.svg"],"images/svg/ic_more_ver.svg":["images/svg/ic_more_ver.svg"],"images/svg/ic_more_ver_black.svg":["images/svg/ic_more_ver_black.svg"],"images/svg/ic_mute.svg":["images/svg/ic_mute.svg"],"images/svg/ic_personalhomepage.svg":["images/svg/ic_personalhomepage.svg"],"images/svg/ic_pop_bg.svg":["images/svg/ic_pop_bg.svg"],"images/svg/ic_post.svg":["images/svg/ic_post.svg"],"images/svg/ic_quit_club.svg":["images/svg/ic_quit_club.svg"],"images/svg/ic_remind.svg":["images/svg/ic_remind.svg"],"images/svg/ic_report_club.svg":["images/svg/ic_report_club.svg"],"images/svg/ic_reward.svg":["images/svg/ic_reward.svg"],"images/svg/ic_search.svg":["images/svg/ic_search.svg"],"images/svg/ic_search_nav.svg":["images/svg/ic_search_nav.svg"],"images/svg/ic_set_admin.svg":["images/svg/ic_set_admin.svg"],"images/svg/ic_share.svg":["images/svg/ic_share.svg"],"images/svg/ic_share_big.svg":["images/svg/ic_share_big.svg"],"images/svg/ic_show_logo.svg":["images/svg/ic_show_logo.svg"],"images/svg/ic_speaker.svg":["images/svg/ic_speaker.svg"],"images/svg/ic_speaking.svg":["images/svg/ic_speaking.svg"],"images/svg/ic_start_game.svg":["images/svg/ic_start_game.svg"],"images/svg/ic_thumbup.svg":["images/svg/ic_thumbup.svg"],"images/svg/ic_thumbup_on.svg":["images/svg/ic_thumbup_on.svg"],"images/svg/ic_toggle.svg":["images/svg/ic_toggle.svg"],"images/svg/ic_toggle_left.svg":["images/svg/ic_toggle_left.svg"],"images/svg/ic_toggle_left_ex.svg":["images/svg/ic_toggle_left_ex.svg"],"images/svg/ic_top.svg":["images/svg/ic_top.svg"],"images/svg/ic_topic.svg":["images/svg/ic_topic.svg"],"images/svg/ic_tournament.svg":["images/svg/ic_tournament.svg"],"images/svg/ic_user_add.svg":["images/svg/ic_user_add.svg"],"images/svg/ic_user_cert.svg":["images/svg/ic_user_cert.svg"],"images/svg/ic_voice.svg":["images/svg/ic_voice.svg"],"images/svg/ic_voice_live.svg":["images/svg/ic_voice_live.svg"],"images/svg/ic_watch_match.svg":["images/svg/ic_watch_match.svg"],"images/svg/ic_youtube_live.svg":["images/svg/ic_youtube_live.svg"],"images/svg/icon_leader.svg":["images/svg/icon_leader.svg"],"images/svg/icon_member.svg":["images/svg/icon_member.svg"],"packages/cupertino_icons/assets/CupertinoIcons.ttf":["packages/cupertino_icons/assets/CupertinoIcons.ttf"],"packages/flutter_inappwebview/t_rex_runner/t-rex.css":["packages/flutter_inappwebview/t_rex_runner/t-rex.css"],"packages/flutter_inappwebview/t_rex_runner/t-rex.html":["packages/flutter_inappwebview/t_rex_runner/t-rex.html"],"packages/fluttertoast/assets/toastify.css":["packages/fluttertoast/assets/toastify.css"],"packages/fluttertoast/assets/toastify.js":["packages/fluttertoast/assets/toastify.js"]}