﻿{"uid":"51288177690","msgList":[{"uid":"51288177690","selfMsg":true,"roleNation":"IN","msgSendTime":"14:12","zoneText":"India","msg":"0gLJihz70q--","msgType":0,"msgChannel":4,"msgSendDate":"2021/10/25","name":"TG〆TyphonFuN","version":"1.6.0.15522","level":144,"send_time":1635151369,"sender_uid":"55573707459"},{"uid":"51288177690","selfMsg":false,"level":151,"msgSendTime":"","zoneText":"India","msg":"0g/D","msgType":0,"msgChannel":4,"msgSendDate":"2021/10/25","name":"INDツQUEENシ","version":"1.6.0.15522","roleNation":"IN","send_time":1635151376,"sender_uid":"51288177690"}]}