﻿{"msgList":[{"version":"1.6.0.15522","msg":"0gLJ","msgSendTime":"20:14","msgSendDate":"2021/10/25","sender_uid":"55573707459","uid":"51308468174","msgChannel":4,"msgType":0,"roomId":"","send_time":1635173072,"roleNation":"IN","level":726,"selfMsg":true,"name":"TG〆TyphonFuN"},{"msg":"0gfI","msgSendDate":"2021/10/25","version":"1.6.0.15522","sender_uid":"51308468174","roleNation":"IN","uid":"51308468174","zoneText":"India","send_time":1635173106,"msgChannel":4,"selfMsg":false,"msgSendTime":"","level":725,"msgType":0,"name":"๛NūEŪHūA乛"}],"uid":"51308468174"}