﻿{"msgList":[{"msgType":0,"msgChannel":4,"name":"Dèvíl察来流","uid":"5132562786","version":"1.6.0.15545","msgSendDate":"2021/10/25","msg":"ywfEywW6yA770q--","roomId":"","level":71,"roleNation":"IN","selfMsg":false,"sender_uid":"5132562786","msgSendTime":"17:01","send_time":1635161483},{"msgType":0,"msgChannel":4,"name":"TG〆TyphonFuN","uid":"5132562786","version":"1.6.0.15545","msgSendDate":"2021/10/25","msg":"1QG6ywfEywW-","roomId":"","level":72,"roleNation":"IN","selfMsg":true,"sender_uid":"55573707459","msgSendTime":"17:12","send_time":1635162136},{"msgType":0,"msgChannel":4,"name":"Dèvíl察来流","uid":"5132562786","version":"1.6.0.15545","msg":"yA770sbnyw/Izq--","roomId":"","level":73,"roleNation":"IN","selfMsg":false,"sender_uid":"5132562786","send_time":1635162191},{"msgType":0,"msgChannel":4,"name":"Dèvíl察来流","uid":"5132562786","version":"1.6.0.15545","msg":"zx7D3cbF2ArDih/M26--","roomId":"","level":74,"roleNation":"IN","selfMsg":false,"sender_uid":"5132562786","send_time":1635162197},{"msgType":0,"msgChannel":4,"name":"Dèvíl察来流","uid":"5132562786","version":"1.6.0.15545","msgSendDate":"2021/10/25","msg":"yA770sbHzxjF1MbF4xu61A+61g/TysbT2BjMpg/HzMbN2AmXi+vH1QDDmvWMm/WMosiJpGk6pg/HzMbN2AmXi+vH1QDDmvWMm/WMosiJpGk6","roomId":"","level":75,"roleNation":"IN","selfMsg":false,"sender_uid":"5132562786","msgSendTime":"21:32","send_time":1635177727},{"msgType":0,"msgChannel":4,"name":"Dèvíl察来流","uid":"5132562786","zoneText":"India","version":"1.6.0.15545","msg":"ywfEywW6yBjJ","selfMsg":false,"level":70,"roleNation":"IN","send_time":1635348700,"sender_uid":"5132562786","msgSendTime":"21:01","msgSendDate":"2021/10/27"},{"msgType":0,"msgChannel":4,"name":"TG〆TyphonFuN","uid":"5132562786","zoneText":"India","version":"1.6.0.15545","msg":"pg/HzMbN2AmXi+vH1QDDmvWMm/WMociJpGk6","selfMsg":true,"level":125,"roleNation":"IN","send_time":1635349981,"sender_uid":"55573707459","msgSendTime":"21:23","msgSendDate":"2021/10/27"},{"msgType":0,"msgChannel":4,"name":"TG〆TyphonFuN","uid":"5132562786","zoneText":"India","version":"1.6.0.15545","msg":"qA770sbO0wP/igTC0sbCyw+64wf728bK3xnCigH7igLDyq--","selfMsg":true,"level":141,"roleNation":"IN","send_time":1635349991,"sender_uid":"55573707459","msgSendTime":"","msgSendDate":"2021/10/27"}],"uid":"5132562786"}