﻿{"msgList":[{"level":49,"name":"TG〆TyphonFuN","sender_uid":"55573707459","msgChannel":4,"msgType":0,"roomId":"","msg":"0Qf8igHCzwLJzQ+-","version":"1.6.0.15545","send_time":1635421140,"roleNation":"IN","uid":"51342403374","selfMsg":true,"msgSendDate":"2021/10/28","msgSendTime":"17:09"},{"level":80,"zoneText":"India","selfMsg":true,"msgChannel":4,"msgType":0,"uid":"51342403374","sender_uid":"55573707459","version":"1.6.0.15545","send_time":1635610140,"roleNation":"IN","name":"TG〆TyphonFuN","msg":"yxj7ih/7yxi60Q/G1cb+zwrJ1A37igHCzwK61gW62gL/yxn/","msgSendTime":"21:39","msgSendDate":"2021/10/30"}],"uid":"51342403374"}