﻿{"uid":"5205429071","msgList":[{"msg":"0R/7ig7Pyq--","level":248,"name":"元ĪqueenĪ元","roleNation":"IN","msgType":0,"version":"1.6.0.15522","sender_uid":"5205429071","msgSendTime":"10:47","uid":"5205429071","msgSendDate":"2021/10/29","msgChannel":4,"send_time":1635484646,"roomId":"","selfMsg":false},{"msg":"ywD71K--","level":249,"name":"TG〆TyphonFuN","roleNation":"IN","msgType":0,"version":"1.6.0.15522","sender_uid":"55573707459","msgSendTime":"15:30","uid":"5205429071","msgSendDate":"2021/11/01","msgChannel":4,"send_time":1635760855,"roomId":"","selfMsg":true},{"msg":"0gLJigfEywW-","zoneText":"India","name":"TG〆TyphonFuN","roleNation":"IN","msgSendTime":"21:38","version":"1.6.0.15522","sender_uid":"55573707459","level":254,"uid":"5205429071","msgSendDate":"2021/11/01","msgChannel":4,"send_time":1635782920,"msgType":0,"selfMsg":true},{"msg":"0gLJ","level":297,"name":"TG〆TyphonFuN","roleNation":"IN","zoneText":"India","version":"1.6.0.15522","sender_uid":"55573707459","uid":"5205429071","msgChannel":4,"msgSendDate":"2021/11/01","msgSendTime":"","send_time":1635782969,"msgType":0,"selfMsg":true},{"msg":"ywD71K--","level":358,"name":"TG〆TyphonFuN","roleNation":"IN","zoneText":"India","version":"1.6.0.15522","sender_uid":"55573707459","uid":"5205429071","msgChannel":4,"msgSendDate":"2021/11/01","msgSendTime":"","send_time":1635783019,"msgType":0,"selfMsg":true}]}