﻿{"uid":"5428663670","msgList":[{"send_time":1635782790,"msgSendTime":"21:36","msgChannel":4,"version":"1.6.0.15522","roomId":"","name":"TG〆TyphonFuN","uid":"5428663670","msgType":0,"selfMsg":true,"level":239,"sender_uid":"55573707459","msg":"2gfB1QK6k8C60R/7","roleNation":"IN","msgSendDate":"2021/11/01"},{"send_time":1635783936,"msgSendTime":"21:55","msgChannel":4,"zoneText":"India","version":"1.6.0.15522","uid":"5428663670","msgType":0,"roleNation":"IN","selfMsg":false,"level":238,"sender_uid":"5428663670","msg":"0R/7ig7Pyq--","name":"KS19彡ANJALI","msgSendDate":"2021/11/01"}]}