﻿{"uid":"5443692213","msgList":[{"name":"Áńthońӳ","msgSendTime":"16:13","version":"1.6.0.15545","selfMsg":false,"uid":"5443692213","roleNation":"IN","level":3,"msg":"0g/D","sender_uid":"5443692213","msgChannel":4,"send_time":1635244995,"msgType":0,"msgSendDate":"2021/10/26","roomId":""},{"zoneText":"India","msgSendTime":"16:11","version":"1.6.0.15545","selfMsg":true,"uid":"5443692213","roleNation":"IN","level":2,"name":"TG〆TyphonFuN","sender_uid":"55573707459","msgChannel":4,"send_time":1635676914,"msg":"yA770sbMywfOigHJ","msgSendDate":"2021/10/31","msgType":0}]}