﻿{"uid":"5542975222","msgList":[{"send_time":1635783893,"msgSendTime":"21:54","msgChannel":4,"zoneText":"India","version":"1.6.0.15522","uid":"5542975222","msgType":0,"roleNation":"IN","selfMsg":false,"level":184,"sender_uid":"5542975222","msg":"0gvG1gW-","name":"INDジSURESHジ","msgSendDate":"2021/11/01"},{"send_time":1635783923,"msgSendTime":"","msgChannel":4,"zoneText":"India","version":"1.6.0.15522","uid":"5542975222","msgType":0,"roleNation":"IN","selfMsg":false,"level":217,"sender_uid":"5542975222","msg":"yALNyxrCigP/igLJigT7igjCyw+-","name":"INDジSURESHジ","msgSendDate":"2021/11/01"}]}