﻿{"uid":"55501600947","msgList":[{"version":"1.6.0.15545","sender_uid":"55501600947","msg":"0wTQ0xr/igHM1K--","msgChannel":4,"roomId":"","msgType":0,"uid":"55501600947","name":"ēēCHIKU","msgSendDate":"2021/10/29","msgSendTime":"10:06","selfMsg":false,"level":375,"send_time":1635482174,"roleNation":"IN"},{"version":"1.6.0.15545","sender_uid":"55501600947","msg":"0hvHigjC0sbO0ge-","msgChannel":4,"roomId":"","msgType":0,"uid":"55501600947","name":"ēēCHIKU","msgSendDate":"2021/10/30","msgSendTime":"20:33","selfMsg":false,"level":376,"send_time":1635606188,"roleNation":"IN"},{"version":"1.6.0.15545","sender_uid":"55573707459","msg":"0Q77","msgChannel":4,"roomId":"","msgType":0,"uid":"55501600947","name":"TG〆TyphonFuN","msgSendDate":"2021/10/30","msgSendTime":"20:45","selfMsg":true,"level":377,"send_time":1635606944,"roleNation":"IN"},{"version":"1.6.0.15545","sender_uid":"55501600947","zoneText":"India","msg":"3QfD3cbF28bsyw77ig770q--","send_time":1635700219,"msgChannel":4,"name":"ēēCHIKU","msgSendTime":"22:40","msgSendDate":"2021/10/31","selfMsg":false,"roleNation":"IN","level":374,"uid":"55501600947","msgType":0}]}