﻿{"msgList":[{"name":"TG〆TyphonFuN","roleNation":"IN","zoneText":"India","sender_uid":"55573707459","level":214,"uid":"55538491480","msgType":0,"msgChannel":4,"msgSendDate":"2021/10/28","version":"1.6.0.15545","selfMsg":true,"msg":"ywn/igrJ2gu-","send_time":1635415782,"msgSendTime":"15:39"},{"name":"TG〆TyphonFuN","roleNation":"IN","zoneText":"India","sender_uid":"55573707459","level":221,"send_time":1635415785,"msgType":0,"msgChannel":4,"msgSendDate":"2021/10/28","version":"1.6.0.15545","selfMsg":true,"msg":"pg/HzMbN2AmXi+vH1QDDmvWMm/WOi8WYKEa-","uid":"55538491480","msgSendTime":""}],"uid":"55538491480"}