﻿{"msgList":[{"roomId":"","msgSendTime":"14:55","msgType":0,"msg":"qBjJicCEk8CEiefQyw/GywjGzsbA1Ri60xbC1QT/igjM1K--","level":207,"version":"1.6.0.15522","roleNation":"IN","selfMsg":false,"msgChannel":4,"name":"MoNkei","msgSendDate":"2021/11/01","send_time":1635758746,"sender_uid":"55557766437","uid":"55557766437"},{"roomId":"","msgSendTime":"15:29","msgType":0,"msg":"4wvN","level":208,"version":"1.6.0.15522","roleNation":"IN","selfMsg":true,"msgChannel":4,"name":"TG〆TyphonFuN","msgSendDate":"2021/11/01","send_time":1635760771,"sender_uid":"55573707459","uid":"55557766437"},{"roomId":"","roleNation":"IN","msgType":0,"msg":"ssb71sb71hj/ywrTihvN0wTBicCEk8bIzcbI1QW62Av91QLD1A261Aq61wfB0wm6yBvG1gvO","level":209,"selfMsg":false,"msgChannel":4,"name":"MoNkei","version":"1.6.0.15522","send_time":1635760807,"sender_uid":"55557766437","uid":"55557766437"},{"roomId":"","roleNation":"IN","msgType":0,"msg":"qBjJig+61Av/zcbMywTFihbP2Q66yBjJ","level":210,"selfMsg":false,"msgChannel":4,"name":"MoNkei","version":"1.6.0.15522","send_time":1635760909,"sender_uid":"55557766437","uid":"55557766437"},{"roomId":"","roleNation":"IN","msgType":0,"msg":"3QfD3a--","level":211,"selfMsg":true,"msgChannel":4,"name":"TG〆TyphonFuN","version":"1.6.0.15522","send_time":1635760922,"sender_uid":"55573707459","uid":"55557766437"},{"roomId":"","roleNation":"IN","msgType":0,"msg":"tQG-","level":212,"selfMsg":false,"msgChannel":4,"name":"MoNkei","version":"1.6.0.15522","send_time":1635760931,"sender_uid":"55557766437","uid":"55557766437"},{"msgSendTime":"16:14","version":"1.6.0.15522","msgType":0,"msg":"vQ7DyQ66zwf90Mb73AfD1gjGzsbA1Ri60xbC1QT/igjM1K--","level":206,"roleNation":"IN","selfMsg":false,"zoneText":"India","msgChannel":4,"name":"MoNkei","msgSendDate":"2021/11/01","send_time":1635763447,"sender_uid":"55557766437","uid":"55557766437"}],"uid":"55557766437"}