﻿{"msgList":[{"level":901,"sender_uid":"55568509971","roomId":"","selfMsg":false,"msgSendTime":"20:56","version":"1.6.0.15522","msg":"1wfDihjD2Q/IzMbN3gfM","msgChannel":4,"roleNation":"IN","msgType":0,"send_time":1635780379,"msgSendDate":"2021/11/01","name":"T¹〆ＴＲＡＰ","uid":"55568509971"},{"level":905,"msg":"2QXM2B+6yBjJ","roleNation":"IN","version":"1.6.0.15522","msgSendTime":"23:36","sender_uid":"55568509971","selfMsg":false,"send_time":1635789979,"uid":"55568509971","zoneText":"India","msgChannel":4,"msgSendDate":"2021/11/01","name":"T¹〆ＴＲＡＰ","msgType":0},{"level":930,"msg":"28b7igjM1MbN1RjM4q--","roleNation":"IN","version":"1.6.0.15522","msgSendTime":"","sender_uid":"55568509971","selfMsg":false,"send_time":1635789997,"uid":"55568509971","zoneText":"India","msgChannel":4,"msgSendDate":"2021/11/01","name":"T¹〆ＴＲＡＰ","msgType":0}],"uid":"55568509971"}