﻿{"msgList":[{"roleNation":"IN","version":"1.6.0.15522","uid":"55569676875","selfMsg":true,"msg":"ywD7igjCyw+6ywG60gvFzxi6yQ770g/Tyq--","name":"TG〆TyphonFuN","roomId":"","msgChannel":4,"sender_uid":"55573707459","msgSendDate":"2021/10/25","level":635,"msgType":0,"msgSendTime":"15:48","send_time":1635157107},{"roleNation":"IN","uid":"55569676875","selfMsg":true,"name":"TG〆TyphonFuN","roomId":"","msgChannel":4,"version":"1.6.0.15522","msg":"1wvM0sbFzcb+zwHC1gu63AfD","level":636,"msgType":0,"sender_uid":"55573707459","send_time":1635157126},{"roleNation":"IN","uid":"55569676875","selfMsg":true,"version":"1.6.0.15522","name":"TG〆TyphonFuN","sender_uid":"55573707459","zoneText":"India","msgChannel":4,"send_time":1635160835,"msgSendTime":"16:50","msgSendDate":"2021/10/25","msgType":0,"level":640,"msg":"ywD7"}],"uid":"55569676875"}