﻿{"msgList":[{"send_time":1634701751,"msgType":0,"selfMsg":true,"msgSendTime":"09:19","level":93,"version":"1.6.0.44147","roomId":"","uid":"55569560139","msg":"qA770sbBzMb92AfN0cbI0g+6k8C62A77igHTyq--","name":"डaKU〆BEASTī","msgChannel":4,"sender_uid":"55573707459","msgSendDate":"2021/10/20","roleNation":"IN"},{"name":"डaKU〆BEASTī","msgType":0,"selfMsg":true,"msgChannel":4,"level":94,"uid":"55569560139","roomId":"","version":"1.6.0.44147","msg":"1wvMysbFywK62Qe6k8C62A77ig770q--","sender_uid":"55573707459","send_time":1634701757,"roleNation":"IN"},{"name":"डaKU〆BEASTī","msgType":0,"selfMsg":true,"msgChannel":4,"level":95,"uid":"55569560139","roomId":"","version":"1.6.0.44147","msg":"0gfMigj72A+-","sender_uid":"55573707459","send_time":1634701762,"roleNation":"IN"},{"name":"monusaha111","msgType":0,"selfMsg":false,"msgChannel":4,"level":96,"uid":"55569560139","roomId":"","version":"1.6.0.44147","msg":"yAf+igP7igjOyxvByq--","sender_uid":"55569560139","send_time":1634701782,"roleNation":"IN"},{"name":"डaKU〆BEASTī","msgType":0,"selfMsg":true,"msgChannel":4,"level":97,"uid":"55569560139","roomId":"","version":"1.6.0.44147","msg":"1QG-","sender_uid":"55573707459","send_time":1634701795,"roleNation":"IN"},{"name":"monusaha111","msgType":0,"selfMsg":false,"msgChannel":4,"level":92,"version":"1.6.0.44147","send_time":1634703055,"uid":"55569560139","msg":"ywfEysb80gfD","sender_uid":"55569560139","zoneText":"India","msgSendTime":"09:40","msgSendDate":"2021/10/20","roleNation":"IN"}],"uid":"55569560139"}