﻿{"msgList":[{"roleNation":"IN","version":"1.6.0.15522","uid":"55574638515","selfMsg":true,"msg":"1gfM0Q+6k8C64we61gfM0Qe-","name":"TG〆TyphonFuN","roomId":"","msgChannel":4,"sender_uid":"55573707459","msgSendDate":"2021/10/25","level":1605,"msgType":0,"msgSendTime":"14:15","send_time":1635151508},{"roleNation":"IN","uid":"55574638515","selfMsg":true,"version":"1.6.0.15522","name":"TG〆TyphonFuN","sender_uid":"55573707459","zoneText":"India","msgChannel":4,"send_time":1635164143,"msgSendTime":"17:45","msgSendDate":"2021/10/25","msgType":0,"level":1613,"msg":"1AXJy8bCzwH/26--"},{"roleNation":"IN","uid":"55574638515","selfMsg":true,"version":"1.6.0.15522","name":"TG〆TyphonFuN","sender_uid":"55573707459","zoneText":"India","msgChannel":4,"send_time":1635164146,"msgSendTime":"","msgSendDate":"2021/10/25","msgType":0,"level":1619,"msg":"1gXG"}],"uid":"55574638515"}