﻿{"msgList":[{"roleNation":"IN","uid":"55576450419","selfMsg":true,"version":"1.6.0.15522","name":"TG〆TyphonFuN","sender_uid":"55573707459","zoneText":"India","msgChannel":4,"send_time":1635164110,"msgSendTime":"17:45","msgSendDate":"2021/10/25","msgType":0,"level":1555,"msg":"2QfN3h260gvFzxi-"},{"roleNation":"IN","uid":"55576450419","selfMsg":true,"version":"1.6.0.15522","name":"TG〆TyphonFuN","sender_uid":"55573707459","zoneText":"India","msgChannel":4,"send_time":1635164112,"msgSendTime":"","msgSendDate":"2021/10/25","msgType":0,"level":1560,"msg":"1AXJy6--"},{"roleNation":"IN","uid":"55576450419","selfMsg":true,"version":"1.6.0.15522","name":"TG〆TyphonFuN","sender_uid":"55573707459","zoneText":"India","msgChannel":4,"send_time":1635164115,"msgSendTime":"","msgSendDate":"2021/10/25","msgType":0,"level":1564,"msg":"0Q/+"},{"roleNation":"IN","uid":"55576450419","selfMsg":true,"version":"1.6.0.15522","name":"TG〆TyphonFuN","sender_uid":"55573707459","zoneText":"India","msgChannel":4,"send_time":1635164118,"msgSendTime":"","msgSendDate":"2021/10/25","msgType":0,"level":1567,"msg":"yAf90ge-"},{"roleNation":"IN","uid":"55576450419","selfMsg":true,"version":"1.6.0.15522","name":"TG〆TyphonFuN","sender_uid":"55573707459","zoneText":"India","msgChannel":4,"send_time":1635164123,"msgSendTime":"","msgSendDate":"2021/10/25","msgType":0,"level":1582,"msg":"1AXJy8bCzwH/26--"}],"uid":"55576450419"}