﻿{"msgList":[{"msgType":0,"msgChannel":4,"name":"PAPAKIPARI231","uid":"55574807355","zoneText":"India","version":"1.6.0.15545","msg":"2QvIzcbFyxj+zq--","selfMsg":false,"level":1137,"roleNation":"IN","send_time":1635351604,"sender_uid":"55574807355","msgSendTime":"21:50","msgSendDate":"2021/10/27"},{"msgType":0,"msgChannel":4,"name":"PAPAKIPARI231","uid":"55574807355","zoneText":"India","version":"1.6.0.15545","msg":"1Ae-","selfMsg":false,"level":1147,"roleNation":"IN","sender_uid":"55574807355","send_time":1635351606,"msgSendTime":"","msgSendDate":"2021/10/27"},{"msgType":0,"msgChannel":4,"name":"PAPAKIPARI231","uid":"55574807355","zoneText":"India","version":"1.6.0.15545","msg":"1Ri60QXI2Qe62g7J1Au60ge63gvMyq--","selfMsg":false,"level":1162,"roleNation":"IN","sender_uid":"55574807355","send_time":1635351616,"msgSendTime":"","msgSendDate":"2021/10/27"}],"uid":"55574807355"}