﻿{"uid":"55571485755","msgList":[{"msgSendTime":"15:06","version":"1.6.0.15522","msgChannel":4,"msgType":0,"msg":"yA770sb7ysbM0ge6k8C-","roleNation":"IN","name":"TG〆TyphonFuN","send_time":1635154615,"uid":"55571485755","sender_uid":"55573707459","roomId":"","msgSendDate":"2021/10/25","level":348,"selfMsg":true},{"msgSendTime":"","msgChannel":4,"level":347,"roleNation":"IN","msgType":0,"msg":"0ge62BvF1K--","msgSendDate":"2021/10/25","name":"ííííïī","version":"1.6.0.15522","uid":"55571485755","sender_uid":"55571485755","zoneText":"India","send_time":1635154630,"selfMsg":false}]}