﻿{"uid":"55574887227","msgList":[{"version":"1.6.0.15545","sender_uid":"55573707459","msg":"1AXJy8bCzwH/26--","msgChannel":4,"roomId":"","msgType":0,"uid":"55574887227","name":"TG〆TyphonFuN","msgSendDate":"2021/10/28","msgSendTime":"06:30","selfMsg":true,"level":50,"send_time":1635382841,"roleNation":"IN"},{"version":"1.6.0.15545","sender_uid":"55574887227","msg":"ss3Hihu628b+ywq6","roomId":"","roleNation":"IN","name":"I'mYourDaddy3","msgChannel":4,"uid":"55574887227","selfMsg":false,"level":51,"send_time":1635382859,"msgType":0},{"version":"1.6.0.15545","sender_uid":"55573707459","msg":"0Q/+ig7/0QvMig+6zAnFihu-","roomId":"","roleNation":"IN","name":"TG〆TyphonFuN","msgChannel":4,"uid":"55574887227","selfMsg":true,"level":52,"send_time":1635382898,"msgType":0},{"version":"1.6.0.15545","sender_uid":"55573707459","msg":"pg/HzMbN2AmXi+vH1QDDmvWMm/WTi8WYKEa-","roomId":"","roleNation":"IN","name":"TG〆TyphonFuN","msgChannel":4,"uid":"55574887227","selfMsg":true,"level":53,"send_time":1635382903,"msgType":0},{"version":"1.6.0.15545","sender_uid":"55573707459","msg":"3xi60Qq61AXJy8bCzwH/26--","roomId":"","roleNation":"IN","name":"TG〆TyphonFuN","msgChannel":4,"uid":"55574887227","selfMsg":true,"level":54,"send_time":1635383011,"msgType":0},{"version":"1.6.0.15545","sender_uid":"55573707459","msg":"2QfN3ge60gvFzxi-","msgChannel":4,"roomId":"","msgType":0,"uid":"55574887227","name":"TG〆TyphonFuN","msgSendDate":"2021/10/29","msgSendTime":"20:44","selfMsg":true,"level":55,"send_time":1635520496,"roleNation":"IN"},{"version":"1.6.0.15545","sender_uid":"55573707459","msg":"2gvG1QTBysbO3wDCysb70Ae61wfOyQ661wfD","roomId":"","roleNation":"IN","name":"TG〆TyphonFuN","msgChannel":4,"uid":"55574887227","selfMsg":true,"level":56,"send_time":1635520504,"msgType":0},{"version":"1.6.0.15545","sender_uid":"55573707459","zoneText":"India","msg":"2QfN3ge60gvFzxi-","send_time":1635699510,"msgChannel":4,"name":"TG〆TyphonFuN","msgSendTime":"22:28","msgSendDate":"2021/10/31","selfMsg":true,"roleNation":"IN","level":63,"uid":"55574887227","msgType":0}]}