﻿{"msgList":[{"send_time":1635323757,"msgChannel":4,"selfMsg":false,"name":"『FａｒＡ』","level":559,"uid":"55576817859","roomId":"","msgType":0,"sender_uid":"55576817859","msg":"1AXIihjJ1Rq63QfGysbD1AD/yRrJ28bCzsbOzxj/ihb72Rm-","version":"1.6.0.15545","msgSendTime":"14:05","roleNation":"IN","msgSendDate":"2021/10/27"},{"send_time":1635345491,"msgChannel":4,"selfMsg":false,"name":"『FａｒＡ』","level":560,"uid":"55576817859","roomId":"","msgType":0,"sender_uid":"55576817859","msg":"1wfD1Au61AXIihjJ1Rq62hvMyQ772Qu60QfMigLD4we60wTEzwnO1Ri63q--","version":"1.6.0.15545","msgSendTime":"20:08","roleNation":"IN","msgSendDate":"2021/10/27"},{"sender_uid":"55576817859","name":"『FａｒＡ』","msgChannel":4,"uid":"55576817859","level":561,"roleNation":"IN","selfMsg":false,"roomId":"","version":"1.6.0.15545","msg":"3xn/igH70xn/igH72Br/ig7/igj73ge61Ae-","msgType":0,"send_time":1635345501},{"version":"1.6.0.15545","name":"TG〆TyphonFuN","sender_uid":"55573707459","send_time":1635382925,"msgType":0,"level":578,"msg":"1gXG1gK62Qn71wO6k8C6zQfTyq--","selfMsg":true,"msgChannel":4,"zoneText":"India","uid":"55576817859","msgSendDate":"2021/10/28","roleNation":"IN","msgSendTime":"06:32"}],"uid":"55576817859"}