﻿{"msgList":[{"uid":"55575275667","send_time":1635399942,"name":"डAKU〆VeNOM","selfMsg":false,"roleNation":"IN","msgType":0,"msgSendDate":"2021/10/28","roomId":"","version":"1.6.0.15545","msgSendTime":"11:15","msgChannel":4,"level":164,"sender_uid":"55575275667","msg":"2gL74w/IzMb82AW-"},{"uid":"55575275667","send_time":1635399982,"name":"डAKU〆VeNOM","selfMsg":false,"roleNation":"IN","msgType":0,"version":"1.6.0.15545","roomId":"","msgChannel":4,"msg":"0Q7/1hj7ig660R/7igjM1K--","level":165,"sender_uid":"55575275667"},{"uid":"55575275667","send_time":1635482054,"name":"डAKU〆VeNOM","selfMsg":false,"roleNation":"IN","msgType":0,"msgSendDate":"2021/10/29","roomId":"","version":"1.6.0.15545","msgSendTime":"10:04","msgChannel":4,"level":166,"sender_uid":"55575275667","msg":"yQXHzsb82AW-"},{"uid":"55575275667","msgSendTime":"13:14","name":"डAKU〆VeNOM","selfMsg":false,"roleNation":"IN","msgType":0,"msgSendDate":"2021/10/29","version":"1.6.0.15545","zoneText":"India","send_time":1635493461,"msgChannel":4,"level":163,"sender_uid":"55575275667","msg":"0wTEzwnO1Ri62QvIzcbF2AT7igjM1K--"}],"uid":"55575275667"}