﻿{"msgList":[{"roomId":"","roleNation":"IN","msgSendDate":"2021/11/01","name":"TG〆TyphonFuN","msgChannel":4,"selfMsg":true,"level":551,"msgType":0,"version":"1.6.0.15522","send_time":1635780814,"msg":"2QfN3ge60gvFzxi-","msgSendTime":"21:03","sender_uid":"55573707459","uid":"55575812067"},{"roomId":"","roleNation":"IN","msgSendDate":"2021/11/01","name":"乛Ｓｏｆｔｙズ","msgChannel":4,"selfMsg":false,"level":552,"msgType":0,"version":"1.6.0.15522","send_time":1635790073,"msg":"yxj/igfMzsb80wT7ih371gK6k8CEk8bFzsb7ywW60Qf80q--","msgSendTime":"23:37","sender_uid":"55575812067","uid":"55575812067"},{"roleNation":"IN","selfMsg":true,"msgSendDate":"2021/11/01","name":"TG〆TyphonFuN","msgChannel":4,"msg":"1gfIzcaEk8CE","level":566,"zoneText":"India","version":"1.6.0.15522","send_time":1635791203,"msgType":0,"msgSendTime":"23:56","sender_uid":"55573707459","uid":"55575812067"},{"roleNation":"IN","selfMsg":false,"msgSendDate":"2021/11/01","name":"乛Ｓｏｆｔｙズ","msgChannel":4,"msg":"yxj/igfMzsbBywTIzcbO1MbAyxrO0sbKywrDihrC0sbOzxjDihn71wT/igfIzsbHzq--","level":607,"zoneText":"India","version":"1.6.0.15522","send_time":1635791236,"msgType":0,"msgSendTime":"","sender_uid":"55575812067","uid":"55575812067"},{"roleNation":"IN","selfMsg":false,"msgSendDate":"2021/11/01","name":"乛Ｓｏｆｔｙズ","msgChannel":4,"msg":"msbQmsbFyxjOysbNywPIzsbO1Mb83ge63ge61Ae-","level":683,"zoneText":"India","version":"1.6.0.15522","send_time":1635791283,"msgType":0,"msgSendTime":"","sender_uid":"55575812067","uid":"55575812067"},{"roleNation":"IN","selfMsg":false,"msgSendDate":"2021/11/01","name":"乛Ｓｏｆｔｙズ","msgChannel":4,"msg":"zBvG1cbA1gfN0cbGyw37igH/igjC0saEk8CEigz73cbO0sbCigHTyq--","level":727,"zoneText":"India","version":"1.6.0.15522","send_time":1635791316,"msgType":0,"msgSendTime":"","sender_uid":"55575812067","uid":"55575812067"}],"uid":"55575812067"}