﻿{"msgList":[{"roleNation":"IN","msgChannel":4,"name":"KillChorNo1G","msgType":0,"msgSendDate":"2021/10/27","level":516,"selfMsg":false,"uid":"5670735562","roomId":"","msgSendTime":"12:02","send_time":1635316330,"sender_uid":"5670735562","msg":"sgvG1gW60A+6yA7D","version":"1.6.0.15545"},{"roleNation":"IN","level":517,"name":"KillChorNo1G","msgType":0,"selfMsg":false,"uid":"5670735562","roomId":"","msgChannel":4,"send_time":1635316617,"sender_uid":"5670735562","msg":"0g+-","version":"1.6.0.15545"},{"roleNation":"IN","msgChannel":4,"name":"KillChorNo1G","msgType":0,"msgSendDate":"2021/10/27","level":518,"selfMsg":false,"uid":"5670735562","roomId":"","msgSendTime":"21:23","send_time":1635349982,"sender_uid":"5670735562","msg":"sgvG1gW6yA7D","version":"1.6.0.15545"},{"roleNation":"IN","msgChannel":4,"name":"KillChorNo1G","msgType":0,"msgSendDate":"2021/10/27","level":519,"selfMsg":false,"uid":"5670735562","roomId":"","msgSendTime":"21:43","send_time":1635351225,"sender_uid":"5670735562","msg":"1wfMywHJigH728bG1K--","version":"1.6.0.15545"},{"roleNation":"IN","msgChannel":4,"name":"KillChorNo1G","msgType":0,"msgSendDate":"2021/10/29","level":520,"selfMsg":false,"uid":"5670735562","roomId":"","msgSendTime":"20:15","send_time":1635518746,"sender_uid":"5670735562","msg":"yA7D","version":"1.6.0.15545"},{"roleNation":"IN","selfMsg":false,"name":"KillChorNo1G","send_time":1635604625,"level":515,"zoneText":"India","msgSendTime":"20:07","uid":"5670735562","msgType":0,"msgSendDate":"2021/10/30","msgChannel":4,"sender_uid":"5670735562","msg":"0g+-","version":"1.6.0.15545"}],"uid":"5670735562"}