﻿{"msgList":[{"level":481,"version":"1.6.0.7","msgSendDate":"2021/10/27","sender_uid":"5684595699","selfMsg":false,"uid":"5684595699","send_time":1635331335,"msgChannel":4,"roleNation":"IN","msgSendTime":"16:12","msgType":0,"msg":"yA770sb7yA7DigTDigHCzwK628bC3sb82AXJ","name":"Ｂ４ＡＰＰＬＥ","zoneText":"India"},{"zoneText":"India","version":"1.6.0.7","msgSendDate":"2021/10/27","sender_uid":"5684595699","selfMsg":false,"uid":"5684595699","level":488,"msgSendTime":"","msgChannel":4,"roleNation":"IN","msgType":0,"send_time":1635331339,"msg":"yAf+igO6yxr7ig7P","name":"Ｂ４ＡＰＰＬＥ"},{"level":494,"version":"1.6.0.7","msgSendDate":"2021/10/27","sender_uid":"5684595699","selfMsg":false,"uid":"5684595699","send_time":1635331347,"msgChannel":4,"roleNation":"IN","msgSendTime":"","msgType":0,"msg":"yQL72Rm6yQ771cbM0sbCigP/2A/D0w+-","name":"Ｂ４ＡＰＰＬＥ","zoneText":"India"},{"zoneText":"India","version":"1.6.0.7","msgSendDate":"2021/10/27","sender_uid":"5684595699","selfMsg":false,"uid":"5684595699","level":654,"msgSendTime":"","msgChannel":4,"roleNation":"IN","msgType":0,"send_time":1635331572,"msg":"rQLD3gnCig663gPCyxj7pNWZpNW-","name":"Ｂ４ＡＰＰＬＥ"}],"uid":"5684595699"}