﻿{"msgList":[{"send_time":1635442536,"roleNation":"IN","version":"1.6.0.15545","msgChannel":4,"msgType":0,"name":"ĒĹūūūūē","level":338,"uid":"5714066375","msgSendTime":"23:05","msg":"0gvG1gW-","selfMsg":false,"roomId":"","sender_uid":"5714066375","msgSendDate":"2021/10/28"},{"send_time":1635442543,"roleNation":"IN","version":"1.6.0.15545","msgType":0,"uid":"5714066375","selfMsg":false,"msgChannel":4,"level":339,"msg":"yA770q--","roomId":"","name":"ĒĹūūūūē","sender_uid":"5714066375"},{"send_time":1635442569,"roleNation":"IN","version":"1.6.0.15545","msgType":0,"uid":"5714066375","selfMsg":false,"msgChannel":4,"level":340,"msg":"1QT/igP/yQ660Q7D1gfGzq--","roomId":"","name":"ĒĹūūūūē","sender_uid":"5714066375"},{"send_time":1635442609,"roleNation":"IN","version":"1.6.0.15545","msgType":0,"uid":"5714066375","selfMsg":false,"msgChannel":4,"level":341,"msg":"0gvG1gW-","roomId":"","name":"ĒĹūūūūē","sender_uid":"5714066375"},{"send_time":1635442629,"zoneText":"India","version":"1.6.0.15545","roleNation":"IN","msgType":0,"name":"ĒĹūūūūē","selfMsg":false,"level":337,"msgSendTime":"","msg":"yA770q--","uid":"5714066375","msgChannel":4,"sender_uid":"5714066375","msgSendDate":"2021/10/28"},{"send_time":1635442645,"zoneText":"India","version":"1.6.0.15545","roleNation":"IN","msgType":0,"name":"ĒĹūūūūē","selfMsg":false,"msgChannel":4,"msgSendTime":"","msg":"L0G-","uid":"5714066375","level":342,"sender_uid":"5714066375","msgSendDate":"2021/10/28"},{"send_time":1635442669,"zoneText":"India","version":"1.6.0.15545","roleNation":"IN","msgType":0,"name":"ĒĹūūūūē","selfMsg":false,"msgChannel":4,"msgSendTime":"","msg":"yA770q--","uid":"5714066375","level":343,"sender_uid":"5714066375","msgSendDate":"2021/10/28"},{"send_time":1635442726,"zoneText":"India","version":"1.6.0.15545","roleNation":"IN","msgType":0,"name":"ĒĹūūūūē","selfMsg":false,"msgChannel":4,"msgSendTime":"","msg":"0gvG1gW-","uid":"5714066375","level":344,"sender_uid":"5714066375","msgSendDate":"2021/10/28"},{"send_time":1635442743,"zoneText":"India","version":"1.6.0.15545","roleNation":"IN","msgType":0,"name":"ĒĹūūūūē","selfMsg":false,"msgChannel":4,"msgSendTime":"","msg":"yA770q--","uid":"5714066375","level":345,"sender_uid":"5714066375","msgSendDate":"2021/10/28"}],"uid":"5714066375"}