﻿{"msgList":[{"msgType":0,"name":"Quèèñgîrl","sender_uid":"5819459262","uid":"5819459262","msg":"3QfD3a--","msgSendDate":"2021/10/28","version":"1.6.0.15545","selfMsg":false,"roomId":"","roleNation":"IN","msgSendTime":"16:04","send_time":1635417283,"msgChannel":4,"level":186},{"msgType":0,"name":"TG〆TyphonFuN","sender_uid":"55573707459","uid":"5819459262","msg":"3g7D0MbCyw+-","msgSendDate":"2021/10/28","version":"1.6.0.15545","selfMsg":true,"roomId":"","roleNation":"IN","msgSendTime":"21:58","send_time":1635438513,"msgChannel":4,"level":187},{"msgType":0,"name":"Quèèñgîrl","sender_uid":"5819459262","uid":"5819459262","msg":"0gLJ1QW-","msgSendDate":"2021/10/29","version":"1.6.0.15545","selfMsg":false,"roomId":"","roleNation":"IN","msgSendTime":"12:47","send_time":1635491850,"msgChannel":4,"level":188},{"msgType":0,"name":"TG〆TyphonFuN","sender_uid":"55573707459","uid":"5819459262","msg":"1w/9igHC1QLJ","msgSendDate":"2021/10/31","zoneText":"India","selfMsg":true,"version":"1.6.0.15545","roleNation":"IN","msgSendTime":"15:21","msgChannel":4,"level":252,"send_time":1635673919}],"uid":"5819459262"}