﻿{"uid":"5825793346","msgList":[{"roleNation":"IN","msgType":0,"selfMsg":true,"msg":"ywD71K--","uid":"5825793346","msgSendDate":"2021/10/25","msgChannel":4,"roomId":"","name":"TG〆TyphonFuN","msgSendTime":"21:37","sender_uid":"55573707459","version":"1.6.0.15522","level":53,"send_time":1635178035},{"roleNation":"IN","msgType":0,"selfMsg":true,"msg":"0gfMigP73gnCicG6yQ7Cyw/T4wfIihrJ0cb81QL71K--","uid":"5825793346","msgSendDate":"2021/10/25","msgChannel":4,"roomId":"","name":"TG〆TyphonFuN","msgSendTime":"21:44","sender_uid":"55573707459","version":"1.6.0.15522","level":54,"send_time":1635178486},{"sender_uid":"55573707459","roleNation":"IN","msgType":0,"selfMsg":true,"name":"TG〆TyphonFuN","msg":"ywD71K--","msgSendDate":"2021/10/26","msgChannel":4,"uid":"5825793346","send_time":1635261576,"msgSendTime":"20:49","zoneText":"India","version":"1.6.0.15522","level":58}]}