﻿{"msgList":[{"roleNation":"IN","zoneText":"India","selfMsg":false,"msgType":0,"send_time":1635582188,"sender_uid":"5884861757","msgSendTime":"13:53","name":"『SAMRAt』","level":131,"version":"1.6.0.15545","uid":"5884861757","msg":"ywn/igH72Ae6zgXJ","msgChannel":4,"msgSendDate":"2021/10/30"},{"roleNation":"IN","zoneText":"India","selfMsg":false,"msgType":0,"send_time":1635582194,"sender_uid":"5884861757","msgSendTime":"","name":"『SAMRAt』","level":139,"version":"1.6.0.15545","uid":"5884861757","msg":"pg/HzMbN2AmXi+vH1QDDmvWMm/WMnMiJpGk6","msgChannel":4,"msgSendDate":"2021/10/30"}],"uid":"5884861757"}