{
  "Chimera_Main": [
    "Lab",
    "Level_A",
    "Level_B",
    "Level_C",
    "Level_D",
    "Ruins"
  ],
  "Desert_Main": [
    "alcantara",
    "ruins",
    "lacobreria",
    "trailerpark",
    "craterfields",
    "elpozo",
    "watertreatment",
    "sanmartin",
    "heciendadelpatron",
    "powergrid",
    "cruzdelvalle",
    "torreahumada",
    "campomilitar",
    "tierrabronca",
    "elazahar",
    "junkyard",
    "minasgenerales",
    "graveyard",
    "montenuevo",
    "ladrillera",
    "chumacera",
    "pecado",
    "labendita",
    "lmpala",
    "losleones",
    "puertoparaiso",
    "loshigos",
    "prison",
    "minasdelsur",
    "valledelmar"
  ],
  "DihorOtok_Main": [
    "port",
    "cosmodrome",
    "trevno",
    "peshkova",
    "mountkreznic",
    "goroka",
    "dobromesto",
    "vihar",
    "movatra",
    "dinopark",
    "tovar",
    "castle",
    "podvosto",
    "cementfactory",
    "cantra",
    "hotspring",
    "volnova",
    "abbey",
    "winery",
    "milnar",
    "zabava",
    "krichas",
    "coalmine",
    "lumberyard",
    "pilnec",
    "sawmill"
  ],
  "Erangel_Main": [
    "zharki",
    "shootingrange",
    "severny",
    "stalber",
    "kameshki",
    "yasnayapolyana",
    "lipovka",
    "mansion",
    "shelter",
    "prison",
    "myltapower",
    "mylta",
    "farm",
    "rozhok",
    "school",
    "georgopol",
    "hospital",
    "gatka",
    "quarry",
    "primorsk",
    "ferrypier",
    "sosnovkamilitarybase",
    "novorepnoye",
    "ruins",
    "pochinki"
  ],
  "Heaven_Main": [
    "coalyards",
    "docks",
    "industrialpark",
    "railyard",
    "residential",
    "steelmill" 
  ],
  "Savage_Main": [
    "kampong",
    "getaway",
    "lawaki",
    "campbravo",
    "airfield",
    "khao",
    "tatmok",
    "paradiseresort",
    "bootcamp",
    "quarry",
    "cave",
    "campalpha",
    "campcharlie",
    "bantai",
    "painan",
    "sahmee",
    "nakham",
    "tambang",
    "ruins",
    "hatinh"
  ],
  "Summerland_Main": [
    "alhabar",
    "alhayik",
    "bahrsahir",
    "bashara",
    "cargoship",
    "hadiqanemo"
  ]
}