{
    "Facebook": "FB",
    "GameCenter": "GC",
    "Google": "GG",
    "WeChat": "WX",
    "Guest": "GU",
    "Zalo": "ZL",
    "ZingID": "ZM",
    "Zalo_Guest": "ZGU",
    "SQW": "SQW",
    "GM": "GM",
    "Link": "LK",
    "Viber": "VB",
    "FLKK": "FLKK",
    "Kakao": "Kakao",
    "GRN_Gas": "GRN_Gas",
    "GRN_BT": "GRN_BT",
    "GRN_GU": "GRN_GU",
    "VK": "VK",
    "Toy_GU": "Toy_GU",
    "Toy_FB": "Toy_FB",
    "Toy_TW": "Toy_TW",
    "Toy_EM": "Toy_EM",
    "Toy_GO": "Toy_GO",
    "Toy_DE": "Toy_DE",
    "Efun"  : "EF",
    "MTO_GU"   : "MTO_GU",
    "MTO_FB"   : "MTO_FB",
    "MTO_GG"   : "MTO_GG",
    "STV"       : "STV",
    "STV_GU"    : "STV_GU",    
    "STV_FB"    : "STV_FB",
    "STV_GP"    : "STV_GP",
    "VNG_ZL"    : "VNG_ZL",
    "VNG_GU"    : "VNG_GU",
    "VNG_ZM"    : "VNG_ZM",
    "VNG_FB"    : "VNG_FB",
    "VNG_GG"    : "VNG_GG",
    "VNGSEA_GU"    : "VNGSEA_GU",
    "VNGSEA_FB"    : "VNGSEA_FB",
    "VNGSEA_GG"    : "VNGSEA_GG",
	"LD"    : "LD"
}
