{
	"0":"Unknown error",
	"1":"Success",
	"2":"Cancelled",
	"3":"System error",
	"4":"Network error",
	"5":"Server error",
	"6":"Operation timeout",
	"7":"No support",
	"8":"Filesystem error",
	"9":"Need plugin package",
	"10":"Need login",
	"11":"Invalid argument",
	"12":"Need system permission",
	"13":"Need configuration",
	"14":"Service refused",
	"15":"Need install app",
	"16":"Need upgrade app",
	"17":"Initialize error",
	"18":"empty channel",
	"19":"function disabled",
	"999":"API deprecated",
	"1000":"Unknown login error",
	"1001":"No cached data",
	"1002":"Local data expired",
	"1003":"Need guid data",
	"1004":"Keystore verify error",
	"1005":"Need user data on server",
	"1100":"Unknown share error",
	"1300":"Pay result error",
	"1301":"Stop pull mp data",
	"1302":"Inventory info is empty",
	"1303":"Req product info is empty",
	"1400":"Receive push message",
	"1401":"Push message on notification be clicked",
	"1402":"Push message show on notification",
    "9999":"Undefined error code, check thirdRetCode"
}
